No,Tanggal,Harga Pembukaan,Tertinggi,Terendah,Penutupan,Volume,Nilai,Frekuensi
1,2025-02-17,8975,9325,8975,9325,89096400,818775542500,21925
2,2025-02-14,9000,9075,8950,8975,116274500,1044788057500,23400
3,2025-02-13,9100,9150,9000,9000,90439700,817617295000,20406
4,2025-02-12,8950,9150,8950,9150,121172600,1095997277500,27665
5,2025-02-11,9025,9100,9000,9075,71188300,644089892500,20196
6,2025-02-10,9025,9250,9025,9150,76209100,696061780000,20252
7,2025-02-07,8950,9350,8825,9350,131162200,1201760495000,34185
8,2025-02-06,9075,9100,8850,8950,171477800,1535509045000,81623
9,2025-02-05,9100,9175,9100,9125,98229900,896442272500,28629
10,2025-02-04,9350,9400,9175,9175,94607700,875178227500,35496
11,2025-02-03,9400,9400,9225,9350,90439900,841721630000,34327
12,2025-01-31,9250,9500,9225,9450,112982800,1062122740000,24540
13,2025-01-30,9150,9275,9150,9150,154645800,1421241562500,67740
14,2025-01-24,9625,9650,9350,9350,152057000,1441026497500,68041
15,2025-01-23,9600,9750,9600,9600,120515400,1161047515000,25168
16,2025-01-22,9650,9675,9575,9600,90154800,865683077500,24749
17,2025-01-21,9600,9675,9550,9575,124547900,1196904822500,33891
18,2025-01-20,9850,9875,9625,9625,112111200,1085222997500,36855
19,2025-01-17,9750,9900,9650,9900,71033100,696773660000,18298
20,2025-01-16,9850,9925,9750,9750,76979000,754921277500,25725
21,2025-01-15,9575,9800,9550,9800,77098000,746002880000,20821
22,2025-01-14,9600,9725,9525,9525,70942600,680061042500,24824
23,2025-01-13,9625,9725,9625,9675,88270100,853411082500,24079
24,2025-01-10,9800,9925,9725,9725,72531300,711582285000,18134
25,2025-01-09,9750,9875,9725,9850,42733800,419861325000,13597
26,2025-01-08,9675,9775,9575,9675,55943100,540873132500,15348
27,2025-01-07,9675,9725,9525,9525,71318600,685707970000,28271
28,2025-01-06,9850,9875,9650,9675,41593900,404310072500,20789
29,2025-01-03,9850,9925,9825,9850,41916000,413273410000,15875
30,2025-01-02,9650,9900,9650,9900,38124800,373424090000,15631
31,2024-12-30,9800,9825,9675,9675,56350100,547279645000,21320
32,2024-12-27,9800,9825,9725,9800,24016700,234872337500,11664
33,2024-12-24,9850,9900,9750,9750,32415700,317612792500,12830
34,2024-12-23,9700,9850,9700,9775,43292100,422859055000,15554
35,2024-12-20,9650,9750,9625,9650,91576900,885119355000,28089
36,2024-12-19,9700,9775,9550,9675,104254100,1009626502500,41241
37,2024-12-18,9900,10025,9800,9800,84868500,837156810000,32549
38,2024-12-17,9950,10050,9900,9900,99845900,992605332500,29784
39,2024-12-16,10000,10125,10000,10100,57746100,581737965000,13556
40,2024-12-13,10125,10225,10025,10050,75126400,756942522500,20759
41,2024-12-12,10300,10375,10175,10175,44780100,458281485000,12446
42,2024-12-11,10225,10425,10225,10425,37934300,394257537500,13880
43,2024-12-10,10325,10350,10275,10350,61230400,632393607500,16744
44,2024-12-09,10025,10350,10000,10350,64458400,658624080000,17838
45,2024-12-06,10100,10175,10050,10075,68247200,689523857500,12722
46,2024-12-05,10250,10350,10225,10250,96904400,995027537500,15526
47,2024-12-04,10175,10250,10050,10200,97876300,998983882500,22273
48,2024-12-03,10025,10225,9900,10200,126087100,1270274277500,23917
49,2024-12-02,10000,10050,9750,9750,87879600,866637790000,44366
50,2024-11-29,10000,10100,9950,10000,76886000,770514087500,12383
51,2024-11-28,9975,10075,9925,10000,57443500,574637320000,17285
52,2024-11-26,10250,10250,10000,10000,62310100,628321295000,18697
53,2024-11-25,9950,10200,9900,10175,165369400,1676732035000,21752
54,2024-11-22,9925,9950,9850,9850,58396100,577527395000,22017
55,2024-11-21,10000,10000,9850,9850,93181200,923693185000,32590
56,2024-11-20,10025,10150,10000,10075,58584400,590190725000,15029
57,2024-11-19,9900,10025,9900,9925,85302000,849070050000,31798
58,2024-11-18,10075,10125,10000,10000,66883200,672125447500,23278
59,2024-11-15,10050,10275,10050,10175,63598200,646626727500,15625
60,2024-11-14,10125,10175,10050,10100,56381400,570156220000,15643
61,2024-11-13,10225,10250,10150,10150,62933100,641011727500,15122
62,2024-11-12,10100,10225,10000,10150,80378500,814746877500,18106
63,2024-11-11,9800,10050,9800,10050,128707600,1279921625000,37945
64,2024-11-08,10200,10225,10050,10075,92216000,932774647500,33477
65,2024-11-07,10325,10450,10175,10175,131579100,1348940575000,35440
66,2024-11-06,10475,10500,10375,10450,50324900,525089347500,10925
67,2024-11-05,10300,10575,10300,10500,50296500,525171937500,16658
68,2024-11-04,10425,10500,10300,10375,49275700,510741887500,23384
69,2024-11-01,10275,10425,10275,10425,47710000,494340572500,14182
70,2024-10-31,10325,10475,10250,10250,97553400,1007095512500,17609
71,2024-10-30,10275,10400,10275,10350,114484100,1182637292500,38446
72,2024-10-29,10525,10575,10500,10500,49680100,522912757500,14137
73,2024-10-28,10825,10825,10600,10600,39061500,417307360000,12676
74,2024-10-25,10650,10750,10625,10750,34847500,372359932500,10317
75,2024-10-24,10725,10850,10700,10700,85341200,918103132500,15781
76,2024-10-23,10475,10650,10475,10650,48903000,518693217500,12176
77,2024-10-22,10475,10600,10475,10500,94799500,997662547500,19210
78,2024-10-21,10850,10850,10675,10675,36472500,391150840000,12247
79,2024-10-18,10875,10875,10725,10750,56299600,606903822500,14098
80,2024-10-17,10550,10800,10500,10725,66993300,717556802500,19302
81,2024-10-16,10700,10725,10475,10475,63255900,667665417500,14007
82,2024-10-15,10550,10625,10450,10625,66635200,704400667500,16821
83,2024-10-14,10375,10500,10375,10500,31738600,332326162500,10208
84,2024-10-11,10575,10575,10375,10375,44632100,467042557500,9813
85,2024-10-10,10425,10500,10400,10500,51080000,535000225000,9742
86,2024-10-09,10400,10525,10400,10425,56835200,594324340000,10422
87,2024-10-08,10200,10500,10150,10400,99622900,1033466197500,18975
88,2024-10-07,10350,10375,10250,10300,91867900,947690522500,31060
89,2024-10-04,10400,10475,10350,10475,58500400,610188655000,11609
90,2024-10-03,10450,10525,10400,10450,60887000,636332797500,12041
91,2024-10-02,10325,10550,10325,10500,86746200,908333882500,17048
92,2024-10-01,10400,10550,10375,10550,59797700,625077602500,15454
93,2024-09-30,10475,10550,10325,10325,144692100,1508868855000,35764
94,2024-09-27,10500,10750,10400,10650,93027400,986110227500,20370
95,2024-09-26,10875,10875,10675,10700,84960100,915215230000,20719
96,2024-09-25,10675,10850,10525,10850,158369100,1696700602500,35347
97,2024-09-24,10775,10950,10775,10800,105191100,1137813032500,22979
98,2024-09-23,10725,10950,10725,10950,72553800,791283160000,12281
99,2024-09-20,10900,10900,10775,10775,142194600,1537226127500,18497
100,2024-09-19,10700,10900,10650,10900,140886600,1524262647500,24038
101,2024-09-18,10500,10625,10450,10625,65420200,690142560000,13066
102,2024-09-17,10450,10500,10350,10500,89745000,938430847500,19853
103,2024-09-13,10400,10425,10325,10425,70057100,726902012500,13545
104,2024-09-12,10450,10500,10375,10475,70759100,739144152500,12239
105,2024-09-11,10425,10425,10350,10425,64621300,672102415000,11442
106,2024-09-10,10350,10350,10275,10350,55093100,568783547500,10938
107,2024-09-09,10300,10350,10200,10275,36185100,371629310000,10746
108,2024-09-06,10225,10300,10225,10300,31541800,324325060000,8942
109,2024-09-05,10350,10350,10250,10250,39332900,404451422500,10717
110,2024-09-04,10150,10300,10125,10300,44817000,458912225000,14403
111,2024-09-03,10325,10325,10150,10175,50950200,520425960000,16568
112,2024-09-02,10375,10375,10200,10275,72008600,738315995000,22433
113,2024-08-30,10325,10325,10200,10325,158403700,1632626107500,13368
114,2024-08-29,10500,10500,10225,10225,53004700,548265397500,14794
115,2024-08-28,10300,10350,10250,10350,38489900,397007920000,12574
116,2024-08-27,10275,10300,10175,10200,60448400,617551290000,16885
117,2024-08-26,10275,10375,10250,10325,35145600,362733335000,14343
118,2024-08-23,10325,10375,10300,10325,46651600,481747285000,10539
119,2024-08-22,10350,10400,10225,10325,56611600,584047257500,18440
120,2024-08-21,10500,10500,10425,10425,84848800,888667207500,15391
121,2024-08-20,10325,10450,10300,10425,60304400,627230252500,12697
122,2024-08-19,10325,10425,10275,10375,51054400,528084170000,13161
123,2024-08-16,10300,10325,10250,10325,40731400,419567970000,9710
124,2024-08-15,10200,10300,10175,10225,33396600,341634180000,7263
125,2024-08-14,10300,10300,10200,10200,47999100,492114977500,16571
126,2024-08-13,10250,10300,10175,10300,55207100,567056282500,14056
127,2024-08-12,10100,10200,10075,10200,40364100,409502280000,10488
128,2024-08-09,10225,10250,10100,10150,47062400,478581365000,10886
129,2024-08-08,10150,10225,10075,10225,54162100,551612905000,13322
130,2024-08-07,10000,10100,10000,10100,52347100,526463467500,15079
131,2024-08-06,10075,10075,9950,10000,78473900,784693072500,19508
132,2024-08-05,10000,10150,9875,9875,126328300,1258493047500,47814
133,2024-08-02,10275,10350,10200,10200,55774800,572054080000,13022
134,2024-08-01,10200,10375,10200,10375,61176200,631109902500,14412
135,2024-07-31,10350,10350,10225,10275,82519900,849741515000,12017
136,2024-07-30,10300,10300,10175,10175,32201100,328946625000,14767
137,2024-07-29,10400,10425,10175,10250,69092500,710153290000,15485
138,2024-07-26,10375,10400,10300,10325,75565800,781794545000,14338
139,2024-07-25,10225,10300,10200,10300,98088100,1006108197500,20161
140,2024-07-24,10125,10175,10075,10075,24658000,249413392500,7998
141,2024-07-23,10200,10200,10125,10175,39321100,399596805000,11252
142,2024-07-22,10125,10150,10100,10100,31285300,316538407500,9472
143,2024-07-19,10050,10125,9975,10125,53880300,542173770000,10953
144,2024-07-18,9800,10100,9800,10100,65383200,655641027500,16476
145,2024-07-17,9900,9950,9800,9800,90666000,893837670000,24391
146,2024-07-16,9975,10025,9950,9950,37192700,370581637500,13598
147,2024-07-15,10050,10075,9950,10050,36682600,367693072500,11095
148,2024-07-12,10050,10100,10025,10075,79027900,795578702500,9907
149,2024-07-11,10000,10125,10000,10075,55908600,562275077500,11637
150,2024-07-10,10175,10225,10050,10100,62325900,632008905000,13555
151,2024-07-09,10100,10150,10075,10075,61853200,624812862500,14625
152,2024-07-08,10000,10050,9950,10050,72903600,729338665000,18622
153,2024-07-05,9925,9975,9875,9950,36946900,366765840000,9056
154,2024-07-04,9975,10000,9825,9825,67054000,663766642500,17899
155,2024-07-03,9975,10000,9925,10000,55860200,557322415000,15588
156,2024-07-02,10000,10000,9850,9900,78848500,783815545000,16526
157,2024-07-01,9850,9900,9825,9875,68634600,676353132500,15635
158,2024-06-28,9800,9975,9775,9925,166172300,1646454295000,25070
159,2024-06-27,9575,9750,9550,9750,89150700,863009895000,21566
160,2024-06-26,9525,9650,9450,9500,77913200,741677042500,14124
161,2024-06-25,9600,9600,9450,9600,80029000,765143162500,14626
162,2024-06-24,9600,9750,9575,9600,79592300,768363037500,18614
163,2024-06-21,9475,9675,9400,9600,167756000,1607541575000,23322
164,2024-06-20,9150,9425,9100,9425,81474800,759584140000,17957
165,2024-06-19,9250,9250,9050,9050,100051000,914391255000,26534
166,2024-06-14,9200,9250,9100,9200,52986300,486466150000,16444
167,2024-06-13,9475,9475,9200,9200,84652200,785710585000,26333
168,2024-06-12,9300,9325,9250,9250,49785700,461734975000,14267
169,2024-06-11,9550,9550,9300,9300,68690900,643391100000,19611
170,2024-06-10,9500,9525,9450,9525,45584700,432782792500,15273
171,2024-06-07,9500,9500,9325,9325,51599800,483877250000,14880
172,2024-06-06,9525,9525,9450,9475,44991300,427010560000,16226
173,2024-06-05,9500,9500,9300,9450,85710000,809566762500,21697
174,2024-06-04,9525,9525,9350,9350,75353100,711191547500,17627
175,2024-06-03,9350,9350,9225,9275,72197700,670159027500,24450
176,2024-05-31,9100,9250,9025,9250,756431600,6979013202500,34353
177,2024-05-30,9000,9250,8775,9000,207115100,1873960675000,54262
178,2024-05-29,9275,9325,9150,9150,117351600,1079031462500,42254
179,2024-05-28,9300,9400,9300,9300,73945700,689712872500,19807
180,2024-05-27,9300,9375,9275,9300,128578500,1198041257500,38108
181,2024-05-22,9475,9575,9325,9425,121712700,1145786445000,31959
182,2024-05-21,9450,9575,9375,9375,75710100,713560200000,25928
183,2024-05-20,9700,9800,9475,9475,87890100,845293792500,28238
184,2024-05-17,9600,9850,9575,9750,99848500,974199087500,23640
185,2024-05-16,9575,9675,9525,9600,61126000,585968155000,18573
186,2024-05-15,9500,9600,9425,9500,54741900,521236290000,18832
187,2024-05-14,9625,9675,9525,9550,95363500,914748672500,20369
188,2024-05-13,9200,9525,9200,9525,145469900,1358788430000,35616
189,2024-05-08,9600,9700,9375,9375,112808900,1070180590000,39495
190,2024-05-07,9700,9750,9625,9700,66746800,646722057500,18005
191,2024-05-06,9850,9875,9775,9800,53076200,521274757500,19896
192,2024-05-03,9750,9850,9675,9850,84029000,823935002500,18035
193,2024-05-02,9900,9900,9500,9550,97079400,935618212500,32968
194,2024-04-30,10050,10050,9800,9800,109623000,1082333827500,22397
195,2024-04-29,9525,9850,9525,9800,90063500,876477722500,18083
196,2024-04-26,9700,9825,9625,9625,100932900,978638855000,19775
197,2024-04-25,10000,10000,9700,9775,104874100,1027734660000,25140
198,2024-04-24,9825,9950,9750,9950,132832700,1312971980000,25691
199,2024-04-23,9400,9775,9375,9725,181702800,1748367927500,27408
200,2024-04-22,9400,9425,9350,9350,128908000,1209355612500,27968
201,2024-04-19,9350,9500,9300,9475,147784300,1391192390000,28468
202,2024-04-18,9525,9575,9450,9475,127134000,1206948277500,31196
203,2024-04-17,9550,9675,9525,9525,95620700,915029830000,34140
204,2024-04-16,9350,9575,9250,9475,283265900,2668964305000,77628
205,2024-04-05,9950,9950,9825,9825,70428600,694595017500,15056
206,2024-04-04,9575,9850,9575,9850,77273000,755757022500,23650
207,2024-04-03,9750,9800,9525,9525,177418400,1706088547500,63256
208,2024-04-02,9925,9950,9800,9900,76763100,757548832500,24057
209,2024-04-01,10075,10100,9825,9850,79248700,783891117500,43580
210,2024-03-28,10025,10100,9975,10075,79229700,796081055000,18464
211,2024-03-27,10025,10075,10000,10075,39514100,397071375000,11576
212,2024-03-26,9950,10050,9950,10050,65742700,658382617500,14791
213,2024-03-25,9925,10075,9925,10075,66971000,670487380000,20445
214,2024-03-22,10000,10125,9950,10100,120529100,1210555180000,17847
215,2024-03-21,10175,10225,10050,10125,90279400,914997257500,14117
216,2024-03-20,10100,10150,10075,10125,66269700,669934550000,15350
217,2024-03-19,10150,10250,10150,10175,55004800,560817750000,13018
218,2024-03-18,10175,10275,10150,10150,62444100,636272030000,12567
219,2024-03-15,10200,10300,10050,10150,154176800,1566521105000,18004
220,2024-03-14,10050,10325,10025,10325,110681100,1133389832500,20252
221,2024-03-13,10400,10400,10000,10000,141622600,1432320660000,26994
222,2024-03-08,10250,10300,10125,10150,100947200,1031824227500,14213
223,2024-03-07,10050,10175,10000,10125,118369300,1195430905000,18558
224,2024-03-06,9900,10000,9775,9950,70242200,694291020000,13309
225,2024-03-05,9900,9900,9775,9800,61952900,607795962500,15084
226,2024-03-04,9800,9825,9750,9750,43822900,428606817500,17470
227,2024-03-01,9900,9925,9800,9825,51520600,507340845000,16925
228,2024-02-29,10000,10000,9850,9875,127017400,1255738452500,22078
229,2024-02-28,9975,10000,9900,10000,66945500,667941307500,11326
230,2024-02-27,9750,9900,9750,9875,43735800,431140952500,10571
231,2024-02-26,9750,9875,9725,9800,53817000,527694455000,12821
232,2024-02-23,9900,9925,9800,9825,55192300,543472687500,14901
233,2024-02-22,9975,9975,9875,9875,66913000,664136167500,9765
234,2024-02-21,9950,10000,9850,9975,75554800,750708920000,20433
235,2024-02-20,9850,10025,9850,10025,63997700,638106795000,14276
236,2024-02-19,9900,9975,9825,9875,53341300,529339587500,15352
237,2024-02-16,9975,10000,9875,9950,142277200,1416330502500,15116
238,2024-02-15,9950,9975,9850,9850,164748900,1630735422500,23093
239,2024-02-13,9750,9800,9700,9725,66072400,643507517500,17900
240,2024-02-12,9750,9800,9700,9800,99803600,974994797500,15467
241,2024-02-07,9700,9725,9650,9700,93319400,904699180000,9714
242,2024-02-06,9750,9750,9625,9625,87651000,846940985000,10021
243,2024-02-05,9675,9675,9525,9575,57983300,556082380000,15715
244,2024-02-02,9775,9800,9625,9700,99324000,963298422500,10804
245,2024-02-01,9650,9725,9575,9700,109289600,1057575142500,11558
246,2024-01-31,9700,9700,9550,9550,102581200,985936920000,14137
247,2024-01-30,9500,9650,9475,9650,73136800,702022905000,13549
248,2024-01-29,9400,9550,9375,9550,73452800,696674405000,14179
249,2024-01-26,9400,9450,9300,9350,78977300,738484365000,19319
250,2024-01-25,9450,9575,9450,9500,63212700,601530947500,10873
251,2024-01-24,9600,9600,9475,9525,84906000,808037450000,10610
252,2024-01-23,9450,9600,9450,9600,92348600,879716112500,14527
253,2024-01-22,9600,9650,9525,9625,52868300,506678097500,11650
254,2024-01-19,9775,9775,9600,9625,63176500,610975467500,10861
255,2024-01-18,9675,9750,9625,9675,71048900,688403975000,11378
256,2024-01-17,9750,9750,9650,9750,107706100,1047020942500,15393
257,2024-01-16,9700,9750,9675,9700,44869200,435536765000,11446
258,2024-01-15,9750,9750,9650,9725,88578600,860591012500,12617
259,2024-01-12,9650,9700,9600,9700,68253400,659167627500,11100
260,2024-01-11,9625,9650,9575,9575,51579900,495855570000,9212
261,2024-01-10,9650,9650,9550,9550,52774900,505953492500,9733
262,2024-01-09,9600,9625,9575,9625,59848600,574866917500,10333
263,2024-01-08,9600,9625,9475,9575,50896000,486561155000,15118
264,2024-01-05,9500,9600,9475,9575,85290100,815474150000,16850
265,2024-01-04,9400,9475,9375,9475,77288400,730505102500,18289
266,2024-01-03,9425,9425,9325,9350,34603300,324210795000,10016
267,2024-01-02,9400,9425,9350,9425,30545200,287338455000,10764
268,2023-12-29,9425,9450,9350,9400,79903400,751898350000,10689
269,2023-12-28,9325,9425,9325,9400,70184600,658943665000,12600
270,2023-12-27,9375,9400,9325,9375,72256600,677203315000,18093
271,2023-12-22,9275,9350,9275,9325,64449600,600423380000,10116
272,2023-12-21,9300,9325,9250,9325,88116700,819722295000,12694
273,2023-12-20,9250,9300,9225,9300,72938100,677012335000,14437
274,2023-12-19,9125,9250,9125,9250,87544300,805286270000,14148
275,2023-12-18,9200,9225,9150,9200,111712200,1027068330000,16184
276,2023-12-15,9125,9225,9075,9225,275013500,2522311642500,33984
277,2023-12-14,8775,9050,8750,9050,139383100,1246461712500,24760
278,2023-12-13,8700,8750,8675,8675,51560500,448042352500,15382
279,2023-12-12,8700,8750,8700,8700,87589300,763324475000,16058
280,2023-12-11,8675,8775,8675,8750,78642800,686302160000,19599
281,2023-12-08,8800,8850,8750,8750,43891600,385129775000,14985
282,2023-12-07,8750,8825,8725,8825,91322500,801830380000,23270
283,2023-12-06,8850,8950,8800,8800,81852800,723963235000,18372
284,2023-12-05,8950,8950,8825,8900,94363900,839829155000,21454
285,2023-12-04,8950,9025,8925,8925,54750100,491403830000,14658
286,2023-12-01,8925,8975,8900,8950,80566400,719949035000,11110
287,2023-11-30,8925,8975,8900,8975,205312100,1840731615000,15327
288,2023-11-29,8900,8950,8900,8900,54715600,487401712500,15298
289,2023-11-28,8875,8950,8850,8875,69070600,613952417500,14935
290,2023-11-27,8900,8950,8875,8875,35679000,317834515000,12809
291,2023-11-24,8925,8975,8900,8925,51624200,461299567500,11269
292,2023-11-23,8850,8975,8850,8925,55542100,495579897500,10407
293,2023-11-22,8775,8875,8775,8875,40364800,356525657500,9740
294,2023-11-21,8825,8900,8775,8775,107614800,948272825000,30681
295,2023-11-20,8975,9025,8875,8875,73541200,656671235000,17135
296,2023-11-17,9025,9075,8975,9075,57050500,516164995000,11636
297,2023-11-16,9050,9075,8950,9075,80277800,725384330000,10922
298,2023-11-15,8975,9050,8950,9050,84977900,766437245000,12586
299,2023-11-14,8900,8950,8875,8925,37195700,331988455000,6551
300,2023-11-13,8875,8925,8850,8875,32724000,290679545000,8308
301,2023-11-10,8950,9000,8825,8825,50754600,450093725000,17648
302,2023-11-09,8900,9050,8900,9000,46076800,413935270000,10739
303,2023-11-08,8950,9000,8900,9000,31834100,285103322500,8256
304,2023-11-07,9000,9025,8900,8975,60648200,543266142500,13924
305,2023-11-06,8975,9050,8950,9050,84994200,765572275000,15987
306,2023-11-03,8925,8950,8850,8900,60414100,538864997500,10538
307,2023-11-02,8725,8900,8725,8850,56050900,494243485000,16354
308,2023-11-01,8750,8775,8600,8600,67027600,579315247500,31900
309,2023-10-31,8800,8825,8725,8750,64907600,568651290000,16598
310,2023-10-30,8700,8850,8700,8850,51958200,457355955000,11025
311,2023-10-27,8725,8800,8700,8700,52450700,458006815000,20878
312,2023-10-26,8925,8950,8725,8725,63199400,555496475000,25769
313,2023-10-25,8825,8925,8825,8875,54748400,486650312500,12094
314,2023-10-24,8775,8875,8775,8775,76963200,677799955000,23106
315,2023-10-23,8875,8925,8850,8850,50633500,449520817500,16518
316,2023-10-20,8725,9025,8725,8975,80325200,719079735000,16985
317,2023-10-19,8825,8850,8750,8750,89509700,787210360000,39231
318,2023-10-18,8925,8950,8850,8850,70860600,629874282500,31212
319,2023-10-17,9050,9075,8950,8950,59606000,536326235000,17234
320,2023-10-16,9125,9125,9050,9100,37599800,341602310000,13205
321,2023-10-13,9100,9125,9025,9075,62941800,570668045000,8016
322,2023-10-12,9000,9100,9000,9050,71064500,642955742500,8682
323,2023-10-11,8925,9025,8925,8925,84305800,754893725000,13689
324,2023-10-10,9000,9000,8925,8925,107491800,963550447500,25291
325,2023-10-09,9025,9125,9025,9050,43774500,397699502500,7761
326,2023-10-06,9100,9100,9025,9025,53344400,482992197500,9359
327,2023-10-05,9200,9200,9075,9075,72855700,664373372500,11743
328,2023-10-04,9200,9250,9125,9200,112582800,1035254637500,15877
329,2023-10-03,9075,9200,9025,9200,99105500,907521635000,17813
330,2023-10-02,8900,9100,8875,9075,93663000,843717170000,15435
331,2023-09-29,8825,8900,8825,8825,119438800,1057420410000,24181
332,2023-09-27,8900,9000,8875,8875,84345000,751579607500,32668
333,2023-09-26,9000,9025,8950,8950,73544700,660333892500,30118
334,2023-09-25,9075,9075,9000,9000,56229700,507897665000,13977
335,2023-09-22,9125,9150,9075,9075,42445300,386626050000,8410
336,2023-09-21,9125,9150,9075,9125,40607000,369909097500,7000
337,2023-09-20,9125,9175,9075,9150,54305500,496398482500,9718
338,2023-09-19,9000,9075,8975,9075,37016200,334135745000,10234
339,2023-09-18,9050,9075,9000,9000,34272200,309114612500,13073
340,2023-09-15,9050,9100,9000,9000,121005300,1092836877500,16258
341,2023-09-14,9000,9125,9000,9100,112757900,1021125725000,22856
342,2023-09-13,9050,9075,9000,9075,69490200,628350982500,18636
343,2023-09-12,9100,9125,9075,9100,66479000,604515250000,13794
344,2023-09-11,9075,9125,9075,9125,53155900,483898510000,13084
345,2023-09-08,9100,9150,9050,9125,80732300,734537652500,22328
346,2023-09-07,9125,9175,9100,9175,61405200,561322210000,17659
347,2023-09-06,9200,9250,9150,9150,49318400,453267477500,11268
348,2023-09-05,9250,9250,9200,9225,42007200,387190620000,9941
349,2023-09-04,9225,9275,9175,9225,40610600,374003870000,11097
350,2023-09-01,9200,9275,9175,9225,42152700,389132227500,8907
351,2023-08-31,9200,9225,9100,9175,136107200,1247664527500,23663
352,2023-08-30,9300,9300,9200,9200,56227000,519845902500,10093
353,2023-08-29,9275,9300,9200,9250,45428500,420110667500,6923
354,2023-08-28,9250,9250,9200,9200,44423100,409509490000,12511
355,2023-08-25,9200,9275,9175,9275,50379000,465187377500,7774
356,2023-08-24,9250,9325,9200,9200,53725900,496444562500,11134
357,2023-08-23,9300,9325,9275,9300,63749800,593148127500,7823
358,2023-08-22,9150,9325,9150,9300,65664600,608843435000,7551
359,2023-08-21,9225,9250,9175,9175,73573000,677119952500,15944
360,2023-08-18,9250,9350,9250,9250,79328900,735715775000,12140
361,2023-08-16,9275,9325,9250,9300,76439500,710030982500,14911
362,2023-08-15,9325,9375,9300,9300,59303700,552270065000,10146
363,2023-08-14,9325,9350,9225,9350,75495400,701818230000,16385
364,2023-08-11,9425,9450,9375,9400,68898600,648421812500,10562
365,2023-08-10,9400,9425,9350,9400,78071100,733786190000,11539
366,2023-08-09,9275,9400,9250,9400,77056800,719658822500,16324
367,2023-08-08,9275,9300,9200,9200,61294900,566058285000,9544
368,2023-08-07,9150,9275,9150,9275,55589300,512895670000,10548
369,2023-08-04,9250,9275,9125,9150,52675900,483526772500,12471
370,2023-08-03,9150,9300,9150,9250,64596100,596503842500,10842
371,2023-08-02,9125,9200,9125,9200,60629900,556027122500,8590
372,2023-08-01,9175,9175,9100,9125,49756400,454680457500,14643
373,2023-07-31,9175,9200,9100,9125,80868000,738379685000,16592
374,2023-07-28,9200,9225,9125,9125,74510200,681676857500,22334
375,2023-07-27,9400,9400,9225,9225,77848400,724742290000,17085
376,2023-07-26,9175,9350,9125,9350,113868700,1054613932500,17428
377,2023-07-25,9175,9300,9150,9150,122802700,1131783430000,19220
378,2023-07-24,9200,9200,9100,9100,62061200,566397335000,14884
379,2023-07-21,9150,9175,9125,9150,42667800,390413950000,7909
380,2023-07-20,9200,9225,9125,9150,83476600,766895462500,14381
381,2023-07-18,9200,9250,9100,9150,66973300,614456620000,12195
382,2023-07-17,9200,9250,9175,9175,62550100,574966812500,10261
383,2023-07-14,9175,9200,9125,9200,55554500,509063157500,7887
384,2023-07-13,9200,9225,9125,9125,65230900,597501595000,13452
385,2023-07-12,9075,9175,9050,9175,61566500,562551942500,11938
386,2023-07-11,9100,9100,9025,9025,43703500,395431325000,9770
387,2023-07-10,9100,9100,9050,9050,28981500,262988512500,8883
388,2023-07-07,9025,9100,9025,9025,37641300,340593332500,9713
389,2023-07-06,9050,9100,9025,9075,52532400,475777417500,10689
390,2023-07-05,9050,9075,9025,9050,44609200,404071850000,10002
391,2023-07-04,9150,9150,9050,9050,35049300,318299882500,12738
392,2023-07-03,9025,9075,9025,9075,108881100,984922552500,22315
393,2023-06-27,9050,9150,9050,9150,36225300,330493000000,8780
394,2023-06-26,9025,9125,9025,9075,36389900,330567657500,10800
395,2023-06-23,9025,9150,9025,9050,47813500,434122655000,8347
396,2023-06-22,9125,9150,9050,9050,48291100,439481212500,9408
397,2023-06-21,9050,9125,9000,9125,43383600,393591015000,10297
398,2023-06-20,9025,9050,8950,9050,54990100,496206815000,9088
399,2023-06-19,9000,9050,9000,9000,32330600,291476360000,10097
400,2023-06-16,9100,9100,8975,9050,112769400,1018580865000,16986
401,2023-06-15,9100,9100,9050,9050,59073000,535551915000,15495
402,2023-06-14,9100,9125,9050,9075,72223700,656235642500,11791
403,2023-06-13,9175,9175,9100,9150,45552600,416237912500,8689
404,2023-06-12,9150,9150,9100,9150,38082300,347732180000,8114
405,2023-06-09,9175,9175,9100,9100,44645700,407511022500,9579
406,2023-06-08,9075,9125,9075,9125,53188400,484096885000,10295
407,2023-06-07,9125,9175,9075,9100,66807200,608865152500,12778
408,2023-06-06,9050,9200,9050,9150,74872800,682789780000,13078
409,2023-06-05,9150,9325,9100,9200,163535600,1506886945000,20198
410,2023-05-31,9300,9325,9050,9050,421023000,3833808147500,18222
411,2023-05-30,9200,9325,9150,9250,111126900,1028312275000,20140
412,2023-05-29,9250,9250,9075,9150,79148200,723302602500,12603
413,2023-05-26,9175,9200,9100,9150,55675900,509803047500,9927
414,2023-05-25,9100,9150,9050,9050,62058200,564109705000,11863
415,2023-05-24,9200,9200,9025,9025,64845600,589029265000,13250
416,2023-05-23,9050,9150,9025,9125,87739000,799916217500,17728
417,2023-05-22,9000,9075,8925,9000,91001300,818687710000,14283
418,2023-05-19,8900,9000,8825,9000,105991900,949370397500,17282
419,2023-05-17,8775,8850,8750,8775,70010200,616313510000,12541
420,2023-05-16,8800,8825,8700,8700,57835300,505858075000,17692
421,2023-05-15,8875,8875,8725,8775,50788000,445889192500,16529
422,2023-05-12,8750,8875,8725,8800,79769400,702826392500,13718
423,2023-05-11,8900,8900,8800,8825,82001900,724233745000,25705
424,2023-05-10,8925,8950,8900,8925,45495300,406047305000,11265
425,2023-05-09,8950,8975,8900,8925,42046400,375525227500,15384
426,2023-05-08,9000,9075,8950,9000,84754500,764649055000,12768
427,2023-05-05,9000,9050,8950,9000,55564300,500041592500,9430
428,2023-05-04,8925,9025,8875,9000,59658000,535132422500,11068
429,2023-05-03,9050,9050,8875,8925,69747400,622585385000,21606
430,2023-05-02,9100,9100,8900,9050,105734900,950013500000,29045
431,2023-04-28,9100,9125,9050,9050,145775300,1322361480000,19605
432,2023-04-27,9100,9175,9075,9150,66134800,603867142500,11594
433,2023-04-26,9125,9200,9000,9200,186928200,1704787047500,25655
434,2023-04-18,9050,9175,9025,9125,91242300,831959842500,19205
435,2023-04-17,9025,9050,8900,9025,83946900,754079175000,13847
436,2023-04-14,9000,9000,8950,9000,90708300,814873047500,16337
437,2023-04-13,8950,8950,8875,8925,68712600,612507447500,13487
438,2023-04-12,8900,8900,8825,8900,76265300,676843150000,14916
439,2023-04-11,8825,8825,8750,8825,44554500,391956855000,9408
440,2023-04-10,8725,8800,8700,8800,24919900,218276470000,9351
441,2023-04-06,8700,8775,8700,8750,45496400,397934232500,8351
442,2023-04-05,8775,8800,8725,8725,37587600,329058355000,6998
443,2023-04-04,8825,8825,8650,8775,49118900,428699710000,12361
444,2023-04-03,8825,8825,8750,8800,52537100,461892870000,11143
445,2023-03-31,8825,8850,8725,8750,97164200,852682262500,11892
446,2023-03-30,8900,8900,8800,8825,118984100,1051346967500,13309
447,2023-03-29,8675,8800,8625,8800,79925500,698468965000,13688
448,2023-03-28,8800,8800,8675,8675,86867300,757309182500,14040
449,2023-03-27,8825,8825,8700,8700,113511600,991216527500,15274
450,2023-03-24,8700,8825,8625,8825,173082100,1514375045000,27943
451,2023-03-21,8400,8500,8375,8500,73117200,618980285000,12270
452,2023-03-20,8400,8475,8375,8400,37334100,314119250000,9788
453,2023-03-17,8375,8450,8325,8375,141350600,1184768315000,14007
454,2023-03-16,8300,8350,8250,8300,95928800,796538710000,22180
455,2023-03-15,8450,8475,8325,8325,69987000,585761835000,18180
456,2023-03-14,8425,8475,8325,8325,91625300,768698982500,33483
457,2023-03-13,8450,8625,8450,8550,82077700,701753800000,11899
458,2023-03-10,8500,8550,8450,8450,59639500,506032227500,14359
459,2023-03-09,8650,8650,8550,8575,54201400,466526005000,9025
460,2023-03-08,8400,8575,8400,8575,62401500,530637135000,13660
461,2023-03-07,8350,8475,8350,8425,94237600,792879160000,16878
462,2023-03-06,8550,8550,8400,8400,93722600,793024457500,26121
463,2023-03-03,8650,8675,8475,8475,95376900,815193130000,27687
464,2023-03-02,8600,8700,8600,8625,56687800,489930935000,13316
465,2023-03-01,8725,8750,8600,8600,67034700,580368065000,17659
466,2023-02-28,8775,8775,8675,8750,106349400,928540315000,14291
467,2023-02-27,8675,8775,8650,8775,48204500,420788157500,9103
468,2023-02-24,8775,8850,8675,8675,60246600,526186375000,9099
469,2023-02-23,8625,8750,8625,8725,53419400,465592057500,8429
470,2023-02-22,8700,8750,8625,8675,51048100,443278482500,13700
471,2023-02-21,8775,8800,8700,8700,25390500,221691045000,7335
472,2023-02-20,8725,8825,8700,8750,40079200,350558022500,7902
473,2023-02-17,8775,8850,8725,8725,34693700,304489947500,9353
474,2023-02-16,8825,8850,8700,8700,66072300,578988940000,14918
475,2023-02-15,8875,8900,8750,8875,49527000,437383265000,12696
476,2023-02-14,8850,8950,8825,8950,58457200,520641095000,14476
477,2023-02-13,8875,8900,8775,8875,51181400,453067392500,11757
478,2023-02-10,8875,8900,8700,8825,62060900,544711665000,21697
479,2023-02-09,8825,8900,8800,8900,58544100,519035085000,12399
480,2023-02-08,8825,8850,8800,8825,54497400,480910202500,12928
481,2023-02-07,8775,8850,8750,8850,116014700,1023391497500,23322
482,2023-02-06,8750,8750,8650,8725,118107300,1028230120000,16315
483,2023-02-03,8550,8700,8500,8700,71717100,620208710000,18171
484,2023-02-02,8425,8525,8400,8450,81188000,686455822500,18887
485,2023-02-01,8575,8575,8450,8500,77406800,658396962500,18907
486,2023-01-31,8625,8675,8475,8475,147164200,1254504797500,23834
487,2023-01-30,8725,8775,8575,8700,95673400,829539290000,15901
488,2023-01-27,8700,8850,8550,8700,183311200,1597524315000,33738
489,2023-01-26,8225,8475,8225,8475,78788400,661934560000,16800
490,2023-01-25,8300,8300,8200,8200,56208200,463273235000,12414
491,2023-01-24,8300,8350,8225,8225,38529000,318880930000,11825
492,2023-01-20,8275,8325,8250,8300,82111300,680728545000,13272
493,2023-01-19,8350,8350,8250,8325,55008000,456691880000,9674
494,2023-01-18,8200,8325,8175,8300,96867900,798862907500,17301
495,2023-01-17,8175,8375,8150,8325,88695900,735931460000,17907
496,2023-01-16,8050,8200,8050,8150,94593700,766927615000,18183
497,2023-01-13,8150,8175,8025,8050,119788700,967545450000,22088
498,2023-01-12,8150,8275,8125,8175,91113300,745778885000,17142
499,2023-01-11,8050,8150,8000,8125,119320800,964527810000,26465
500,2023-01-10,8400,8425,8150,8175,89322900,734098795000,26210
501,2023-01-09,8325,8450,8325,8450,86930600,729729475000,14724
502,2023-01-06,8100,8325,8100,8300,69286600,570990955000,16548
503,2023-01-05,8350,8375,8150,8250,128838500,1061378975000,44691
504,2023-01-04,8525,8575,8350,8350,90993200,766974082500,26206
505,2023-01-03,8550,8600,8525,8550,27425000,234780462500,6729
506,2023-01-02,8575,8600,8500,8550,11409600,97436830000,6698
507,2022-12-30,8575,8650,8550,8550,44681400,383448697500,9649
508,2022-12-29,8525,8600,8500,8575,47020900,402160812500,10654
509,2022-12-28,8650,8650,8550,8650,48368000,416455702500,13158
510,2022-12-27,8600,8650,8575,8600,28693700,246966792500,6619
511,2022-12-26,8500,8625,8500,8575,20515300,175808017500,8699
512,2022-12-23,8525,8575,8500,8500,47393000,404592785000,14658
513,2022-12-22,8650,8675,8575,8575,52110600,448380937500,12798
514,2022-12-21,8600,8700,8575,8675,33620500,290989365000,9026
515,2022-12-20,8550,8650,8550,8575,41296000,354119447500,9781
516,2022-12-19,8650,8700,8600,8650,54727200,473736037500,12140
517,2022-12-16,8425,8650,8400,8600,124944200,1070581842500,13499
518,2022-12-15,8575,8600,8500,8500,80585500,687824440000,18379
519,2022-12-14,8600,8700,8525,8625,118238400,1017639840000,22114
520,2022-12-13,8625,8700,8550,8700,83504800,721598407500,17451
521,2022-12-12,8525,8700,8475,8700,84280700,725848202500,15030
522,2022-12-09,8500,8600,8450,8575,75502100,645066085000,15023
523,2022-12-08,8375,8575,8350,8500,149608500,1266641995000,30201
524,2022-12-07,8500,8575,8450,8450,195092800,1658838772500,39917
525,2022-12-06,8725,8750,8575,8675,180913300,1564635812500,45061
526,2022-12-05,8800,8900,8775,8775,138651400,1223613355000,30135
527,2022-12-02,8900,8975,8900,8900,137809400,1228047055000,25191
528,2022-12-01,9275,9350,9000,9000,132767900,1208610755000,37043
529,2022-11-30,8875,9400,8850,9300,387655900,3587969810000,23764
530,2022-11-29,8975,9075,8925,8975,81737400,734753202500,14340
531,2022-11-28,9050,9100,8975,9025,77649600,703068337500,13084
532,2022-11-25,9000,9000,8900,8975,60465700,542033947500,9553
533,2022-11-24,8975,9000,8950,9000,61189600,549483587500,10601
534,2022-11-23,8900,8975,8875,8875,85516700,762893442500,13608
535,2022-11-22,8900,8950,8850,8900,84684200,754436947500,17472
536,2022-11-21,8875,8900,8725,8725,48654100,428489965000,11071
537,2022-11-18,8725,8900,8725,8825,83899100,742119432500,13893
538,2022-11-17,8625,8825,8600,8725,72699300,635054200000,12948
539,2022-11-16,8625,8675,8550,8600,143585500,1233874000000,34773
540,2022-11-15,8775,8850,8750,8800,47667300,419159430000,6808
541,2022-11-14,8875,8900,8750,8750,61431700,541453990000,14307
542,2022-11-11,8900,8925,8825,8850,59597900,527982062500,10308
543,2022-11-10,8725,8800,8725,8800,74779800,655507755000,9487
544,2022-11-09,8675,8875,8675,8875,68174100,600920527500,9906
545,2022-11-08,8850,8875,8725,8750,42527400,373015755000,10726
546,2022-11-07,8725,8850,8675,8850,73900800,648075542500,10391
547,2022-11-04,8775,8800,8675,8775,69153000,604463725000,14069
548,2022-11-03,8700,8825,8700,8800,72143700,634355275000,10382
549,2022-11-02,8800,8825,8725,8750,58317000,510542755000,11043
550,2022-11-01,9000,9000,8725,8800,107394700,946721785000,17397
551,2022-10-31,8850,8850,8775,8800,105566600,928907515000,13012
552,2022-10-28,8650,8750,8650,8750,67040200,583195942500,11441
553,2022-10-27,8550,8700,8550,8700,77023600,666512402500,12748
554,2022-10-26,8625,8650,8550,8550,87211700,748934967500,17817
555,2022-10-25,8825,8875,8700,8700,89442400,784720887500,21692
556,2022-10-24,8750,8900,8725,8900,89416500,791931087500,21935
557,2022-10-21,8450,8725,8450,8650,122777800,1060901322500,20919
558,2022-10-20,8250,8500,8250,8500,91812300,775282002500,16881
559,2022-10-19,8250,8350,8225,8275,66753500,552656565000,8966
560,2022-10-18,8275,8475,8250,8300,85665300,714714027500,12467
561,2022-10-17,8250,8300,8175,8250,56387500,465312050000,12740
562,2022-10-14,8300,8350,8250,8250,71181100,589902235000,10984
563,2022-10-13,8275,8375,8275,8275,62282800,517730710000,8537
564,2022-10-12,8200,8325,8175,8325,47569700,393777945000,10731
565,2022-10-11,8200,8300,8150,8250,64060000,527736787500,13673
566,2022-10-10,8150,8375,8125,8300,80238200,661667980000,18576
567,2022-10-07,8325,8375,8200,8200,112043400,928783667500,30334
568,2022-10-06,8475,8500,8425,8425,43967400,371205590000,9495
569,2022-10-05,8525,8550,8425,8450,63788000,540907910000,15903
570,2022-10-04,8525,8625,8525,8550,80524500,689943970000,11556
571,2022-10-03,8450,8525,8450,8500,115079600,977131347500,12213
572,2022-09-30,8375,8575,8275,8550,176524800,1497357807500,16928
573,2022-09-29,8325,8450,8325,8375,62643700,524394000000,10204
574,2022-09-28,8250,8425,8250,8325,89153400,744765150000,11623
575,2022-09-27,8375,8450,8300,8300,89567100,749874902500,17032
576,2022-09-26,8200,8500,8200,8425,106228200,888828657500,21919
577,2022-09-23,8375,8475,8375,8375,60567600,509408960000,11708
578,2022-09-22,8375,8525,8375,8475,61908500,524144357500,10647
579,2022-09-21,8525,8600,8425,8475,90933700,771464692500,16883
580,2022-09-20,8550,8650,8550,8550,89238400,766848652500,16998
581,2022-09-19,8475,8750,8450,8650,102530600,883591915000,15135
582,2022-09-16,8700,8725,8450,8450,363127600,3082976325000,26342
583,2022-09-15,8500,8875,8500,8750,190404800,1661084960000,21739
584,2022-09-14,8375,8650,8375,8500,116642400,992652792500,18370
585,2022-09-13,8375,8575,8375,8525,124485200,1057029395000,19606
586,2022-09-12,8325,8425,8325,8375,52395300,438708755000,10109
587,2022-09-09,8500,8500,8275,8375,91234600,762003902500,14268
588,2022-09-08,8400,8500,8350,8350,132777400,1118796717500,17220
589,2022-09-07,8250,8375,8250,8375,101242600,842563017500,15435
590,2022-09-06,8300,8350,8250,8275,67123900,556534040000,10142
591,2022-09-05,8225,8300,8200,8275,62906000,518557635000,13437
592,2022-09-02,8150,8225,8150,8225,61351000,502415257500,10363
593,2022-09-01,8150,8250,8125,8150,76120100,620831565000,12032
594,2022-08-31,8075,8225,8050,8200,137659900,1124385967500,14968
595,2022-08-30,8100,8275,8075,8175,109596600,899795342500,21321
596,2022-08-29,8000,8150,7950,8150,72115100,582748930000,13629
597,2022-08-26,8025,8125,8000,8000,80472400,648846300000,12781
598,2022-08-25,8000,8100,7900,8075,99503500,798707840000,14630
599,2022-08-24,7950,8025,7900,7950,108892400,868042130000,12077
600,2022-08-23,8000,8000,7900,7900,71671800,569299685000,11504
601,2022-08-22,7850,8000,7825,8000,97293300,769320602500,12363
602,2022-08-19,8050,8050,7900,7900,58194900,464734767500,8236
603,2022-08-18,7900,8025,7875,8000,86136900,687836162500,14056
604,2022-08-16,7950,7975,7850,7975,83556700,664044637500,10745
605,2022-08-15,7950,7975,7900,7950,81411000,646533490000,9903
606,2022-08-12,7925,7975,7850,7925,61083100,483450175000,10925
607,2022-08-11,7850,7950,7825,7950,73204700,578968100000,12631
608,2022-08-10,7800,7900,7725,7900,104376300,813510502500,13580
609,2022-08-09,7875,7975,7875,7900,92875800,735000965000,14653
610,2022-08-08,7875,7925,7750,7875,84328900,662659342500,16381
611,2022-08-05,7825,7875,7725,7875,118734200,929392300000,16784
612,2022-08-04,7675,7800,7650,7800,144102500,1115505490000,25198
613,2022-08-03,7625,7625,7575,7625,65102200,495459697500,13171
614,2022-08-02,7600,7625,7500,7600,106469500,806736922500,17874
615,2022-08-01,7350,7500,7350,7500,104841600,782884982500,17749
616,2022-07-29,7400,7475,7350,7350,131553000,973325062500,14672
617,2022-07-28,7375,7450,7325,7350,86909700,640837862500,12578
618,2022-07-27,7325,7350,7275,7325,58465500,427943262500,10507
619,2022-07-26,7250,7375,7250,7300,44379900,325274040000,9916
620,2022-07-25,7350,7375,7300,7300,31247600,229041257500,9031
621,2022-07-22,7400,7400,7300,7325,38956500,286345742500,8794
622,2022-07-21,7400,7400,7250,7400,64337100,472430600000,9765
623,2022-07-20,7200,7400,7175,7400,105792900,776467730000,19979
624,2022-07-19,7100,7175,7100,7175,59641000,426346877500,9835
625,2022-07-18,7025,7150,7025,7150,60077700,426498482500,8731
626,2022-07-15,7100,7100,7000,7000,57419900,404015585000,17811
627,2022-07-14,7025,7100,7000,7025,83316300,586582822500,16175
628,2022-07-13,7100,7125,7000,7000,71988200,507590665000,25389
629,2022-07-12,7175,7250,7150,7175,34269000,246391367500,8953
630,2022-07-11,7200,7200,7125,7125,36830800,263781137500,9534
631,2022-07-08,7125,7175,7075,7150,64312400,457659560000,17328
632,2022-07-07,7225,7250,7100,7100,86126800,616546727500,23427
633,2022-07-06,7300,7325,7175,7300,66801100,484884420000,14031
634,2022-07-05,7100,7325,7100,7250,69172900,501662885000,16753
635,2022-07-04,7250,7275,7000,7050,102238600,725162292500,46041
636,2022-07-01,7300,7325,7250,7250,68738800,500436420000,20757
637,2022-06-30,7300,7400,7250,7250,101343900,740372702500,17907
638,2022-06-29,7325,7400,7275,7275,75315200,552007880000,14889
639,2022-06-28,7300,7400,7300,7300,119218500,872243042500,29284
640,2022-06-27,7475,7500,7350,7350,77936800,576284825000,21709
641,2022-06-24,7600,7600,7475,7475,57956600,435559490000,12128
642,2022-06-23,7450,7575,7450,7525,60443000,454133745000,11036
643,2022-06-22,7625,7650,7500,7500,53041800,399896470000,14182
644,2022-06-21,7600,7650,7550,7650,44295700,337546500000,9903
645,2022-06-20,7600,7650,7500,7625,88138700,668218517500,19163
646,2022-06-17,7425,7550,7425,7500,117839400,880387127500,10646
647,2022-06-16,7400,7600,7375,7575,132666300,999838175000,21102
648,2022-06-15,7300,7375,7300,7325,130367100,956026942500,16595
649,2022-06-14,7300,7400,7250,7400,80865100,594637325000,17534
650,2022-06-13,7300,7400,7275,7350,85539500,627178085000,22180
651,2022-06-10,7400,7450,7350,7350,111768600,824528205000,34882
652,2022-06-09,7500,7575,7500,7500,107828300,811660325000,14828
653,2022-06-08,7500,7600,7425,7600,108910500,820721912500,19440
654,2022-06-07,7300,7475,7300,7375,129242500,955444082500,28045
655,2022-06-06,7550,7575,7425,7450,81140300,607825602500,21744
656,2022-06-03,7600,7675,7575,7600,80563100,614763702500,13042
657,2022-06-02,7625,7675,7525,7575,149226300,1130692232500,25960
658,2022-05-31,7600,7750,7525,7750,286292700,2207020767500,22232
659,2022-05-30,7575,7600,7475,7575,105411400,793661935000,15918
660,2022-05-27,7525,7575,7475,7575,84336900,634988242500,19442
661,2022-05-25,7400,7450,7350,7375,76747400,566886960000,15582
662,2022-05-24,7325,7475,7325,7350,108710800,802127282500,19902
663,2022-05-23,7450,7475,7350,7375,71603500,529789105000,19869
664,2022-05-20,7425,7475,7400,7400,86520200,643142027500,17839
665,2022-05-19,7400,7475,7375,7450,140908900,1046525142500,22128
666,2022-05-18,7500,7575,7375,7575,153514300,1149832130000,24359
667,2022-05-17,7275,7475,7275,7400,159657600,1180820542500,24985
668,2022-05-13,7250,7475,7250,7325,212968600,1564278867500,36434
669,2022-05-12,7525,7550,7275,7275,240529600,1775680722500,78980
670,2022-05-11,7525,7700,7450,7650,156535200,1189813715000,37659
671,2022-05-10,7250,7600,7250,7525,268445700,2006994317500,63205
672,2022-05-09,7875,7900,7600,7600,456796600,3522503300000,105454
673,2022-04-28,8250,8250,8075,8125,133730600,1092334247500,18545
674,2022-04-27,8075,8200,8075,8200,89463100,730017155000,18570
675,2022-04-26,7925,8125,7925,8125,128360900,1034449912500,28316
676,2022-04-25,7875,8000,7825,8000,91279600,724642717500,20020
677,2022-04-22,7850,7925,7800,7875,85956100,675300735000,13792
678,2022-04-21,7800,7925,7750,7925,129323400,1017172780000,23802
679,2022-04-20,7725,7725,7625,7650,124388800,953978587500,23077
680,2022-04-19,7700,7700,7625,7625,98632000,753891167500,24770
681,2022-04-18,7700,7725,7625,7700,68464700,526410977500,22274
682,2022-04-14,7800,7800,7700,7700,93342900,720927580000,29679
683,2022-04-13,7800,7850,7750,7800,57622100,449482482500,11255
684,2022-04-12,7725,7800,7700,7800,73471300,570532402500,15863
685,2022-04-11,7825,7875,7725,7725,62776200,489276575000,16873
686,2022-04-08,7800,7875,7775,7850,69791600,546279317500,10443
687,2022-04-07,7725,7825,7700,7750,68619400,532601685000,15668
688,2022-04-06,7825,7850,7750,7750,119263000,928569465000,35039
689,2022-04-05,7900,7900,7850,7900,48528300,382418777500,11341
690,2022-04-04,7925,7925,7825,7900,57321200,450927217500,12046
691,2022-04-01,8075,8075,7850,7925,105575400,837078965000,17591
692,2022-03-31,7925,8000,7875,7975,112691900,895841372500,14134
693,2022-03-30,7900,7900,7825,7875,71430600,560951060000,14945
694,2022-03-29,7875,7900,7825,7850,62180600,488744797500,15889
695,2022-03-28,7825,7900,7800,7900,83911500,658941170000,20456
696,2022-03-25,7900,7950,7900,7950,85101200,674729810000,15768
697,2022-03-24,7850,7950,7800,7925,95245100,752783342500,15881
698,2022-03-23,7925,7950,7825,7900,82208000,647836587500,19525
699,2022-03-22,7900,7950,7875,7925,60010900,474240015000,15071
700,2022-03-21,7800,7950,7800,7900,85485500,673089922500,16600
701,2022-03-18,8000,8100,7900,7900,143981700,1140963692500,18011
702,2022-03-17,8300,8300,8000,8000,132439400,1071240102500,25461
703,2022-03-16,8275,8275,8075,8200,149761300,1223540042500,18030
704,2022-03-15,8150,8200,8075,8150,111214500,905283850000,17642
705,2022-03-14,8050,8100,7950,8075,78432100,631021042500,15050
706,2022-03-11,7725,7950,7725,7950,61053900,477422672500,11472
707,2022-03-10,7925,7975,7800,7925,86484000,682528265000,12081
708,2022-03-09,7700,7950,7650,7850,132814500,1040258547500,19277
709,2022-03-08,7700,7850,7650,7650,119256500,923363377500,31572
710,2022-03-07,7800,7850,7700,7700,130990900,1014613815000,43139
711,2022-03-04,7975,8025,7900,7900,132983400,1056919797500,21813
712,2022-03-02,8225,8225,7975,7975,100301000,810277825000,20001
713,2022-03-01,8000,8175,8000,8050,136616800,1100699015000,18508
714,2022-02-25,7950,8175,7925,8050,135899900,1094666555000,19180
715,2022-02-24,8125,8150,7925,8000,124947700,1001837015000,23803
716,2022-02-23,7900,8100,7875,8050,99240300,795453110000,19538
717,2022-02-22,7900,7950,7850,7900,80095500,633463032500,10560
718,2022-02-21,7925,7975,7900,7950,43821700,347679842500,11739
719,2022-02-18,7950,7950,7850,7925,56813400,448908112500,11197
720,2022-02-17,7850,7925,7800,7900,48704600,383084682500,13991
721,2022-02-16,7850,7975,7825,7975,77055100,608884817500,14506
722,2022-02-15,7750,7875,7725,7875,55617000,434361757500,12317
723,2022-02-14,7750,7775,7700,7700,57710700,445570172500,16286
724,2022-02-11,7675,7825,7650,7825,71968800,556708220000,15116
725,2022-02-10,7950,7950,7750,7750,93277000,728582877500,20665
726,2022-02-09,7850,7950,7800,7950,108922200,860277737500,23476
727,2022-02-08,7750,7850,7725,7725,61883100,481387542500,18396
728,2022-02-07,7775,7800,7700,7800,56813200,441379032500,10775
729,2022-02-04,7750,7800,7700,7725,39324700,304275125000,9457
730,2022-02-03,7800,7825,7700,7725,35100600,271959660000,9389
731,2022-02-02,7775,7800,7675,7800,65308100,507740922500,15071
732,2022-01-31,7775,7775,7625,7625,68122000,522286535000,13394
733,2022-01-28,7800,7825,7700,7775,70595000,546808247500,12265
734,2022-01-27,7625,7800,7625,7800,71945100,556381160000,9658
735,2022-01-26,7700,7750,7650,7700,53350200,411052250000,11577
736,2022-01-25,7675,7775,7625,7775,106796900,821812350000,18060
737,2022-01-24,7825,7850,7775,7800,40278300,314598220000,10836
738,2022-01-21,7775,7950,7700,7950,63370500,496553635000,14847
739,2022-01-20,7725,7775,7625,7775,59925500,463048087500,11201
740,2022-01-19,7650,7725,7575,7675,60389700,463216297500,10446
741,2022-01-18,7775,7775,7550,7675,71476300,545986525000,22639
742,2022-01-17,7900,7900,7700,7750,63902600,496643890000,16289
743,2022-01-14,7700,7850,7650,7850,65898700,512447880000,18750
744,2022-01-13,7700,7750,7650,7700,50025200,385156460000,9477
745,2022-01-12,7700,7700,7650,7700,62606000,481343602500,16502
746,2022-01-11,7650,7700,7625,7700,110334600,846392567500,21715
747,2022-01-10,7575,7650,7550,7600,45351900,344241372500,13406
748,2022-01-07,7550,7700,7500,7650,143433300,1093473375000,28113
749,2022-01-06,7500,7525,7425,7475,63657100,475635140000,12409
750,2022-01-05,7450,7525,7375,7450,76164900,567316770000,12949
751,2022-01-04,7325,7450,7325,7400,70624000,523019122500,15394
752,2022-01-03,7325,7400,7300,7325,54287400,398463785000,10465
753,2021-12-30,7350,7350,7300,7300,49954700,365335192500,8949
754,2021-12-29,7350,7375,7300,7300,42079500,307662990000,11468
755,2021-12-28,7375,7400,7325,7350,39343800,289916545000,8238
756,2021-12-27,7300,7350,7300,7350,20722100,151566907500,9052
757,2021-12-24,7300,7350,7300,7300,30802100,225450510000,8747
758,2021-12-23,7325,7350,7300,7300,37136400,271346360000,11013
759,2021-12-22,7425,7425,7325,7325,33232000,244646372500,7854
760,2021-12-21,7325,7400,7325,7375,52386100,385558965000,9185
761,2021-12-20,7350,7400,7325,7375,74753000,550891475000,12098
762,2021-12-17,7325,7500,7300,7500,107096800,795484312500,13446
763,2021-12-16,7375,7400,7275,7275,95171400,697169942500,14247
764,2021-12-15,7300,7375,7275,7300,52477600,385012880000,10069
765,2021-12-14,7300,7375,7275,7300,49763600,363284447500,13291
766,2021-12-13,7375,7400,7300,7300,59977100,441071010000,17181
767,2021-12-10,7325,7375,7275,7375,91092400,666575887500,24699
768,2021-12-09,7400,7450,7350,7350,54886400,405222022500,13086
769,2021-12-08,7450,7475,7400,7425,74775000,556429685000,11799
770,2021-12-07,7450,7475,7350,7350,51258200,380033557500,11880
771,2021-12-06,7450,7475,7350,7350,56944100,421707887500,13054
772,2021-12-03,7525,7525,7350,7375,63283700,468913447500,13845
773,2021-12-02,7375,7500,7300,7500,66831000,496319960000,13801
774,2021-12-01,7275,7450,7275,7300,76538100,562521305000,18096
775,2021-11-30,7325,7425,7275,7275,144923700,1058524325000,16325
776,2021-11-29,7275,7425,7175,7400,87907900,643438377500,22691
777,2021-11-26,7400,7450,7250,7275,113288400,829254435000,46477
778,2021-11-25,7450,7525,7425,7425,40216100,300345642500,11765
779,2021-11-24,7575,7575,7425,7475,35181400,263309692500,8856
780,2021-11-23,7400,7500,7400,7475,43477500,324422730000,9187
781,2021-11-22,7425,7525,7400,7475,66328300,495651167500,12120
782,2021-11-19,7425,7450,7375,7425,68203700,506341052500,12739
783,2021-11-18,7425,7500,7400,7400,78839600,584663500000,19924
784,2021-11-17,7500,7575,7425,7575,61968100,465082335000,13902
785,2021-11-16,7400,7475,7325,7475,98616900,732873000000,20598
786,2021-11-15,7625,7625,7500,7500,67344200,508346355000,14209
787,2021-11-12,7750,7750,7525,7525,52590100,398933967500,14770
788,2021-11-11,7700,7750,7600,7675,55790000,427869867500,14722
789,2021-11-10,7675,7675,7575,7650,47503900,361724825000,10891
790,2021-11-09,7600,7675,7575,7675,101785800,776930700000,21425
791,2021-11-08,7500,7600,7450,7575,85441700,645081702500,19304
792,2021-11-05,7475,7475,7375,7450,43120400,320100250000,11883
793,2021-11-04,7425,7475,7375,7375,61081400,452388967500,12630
794,2021-11-03,7300,7400,7250,7350,61621500,451883630000,16168
795,2021-11-02,7375,7425,7250,7300,90535400,663661027500,37732
796,2021-11-01,7550,7550,7400,7400,38593400,287033205000,15645
797,2021-10-29,7450,7475,7375,7475,60639200,451154885000,20046
798,2021-10-28,7350,7425,7350,7375,75271900,555764745000,20651
799,2021-10-27,7575,7575,7425,7450,57067000,425669442500,19166
800,2021-10-26,7600,7600,7500,7525,70103000,529241822500,17396
801,2021-10-25,7400,7525,7400,7525,60329800,451646792500,16920
802,2021-10-22,7450,7550,7425,7525,96730700,727217982500,23981
803,2021-10-21,7500,7550,7350,7400,106120100,785408750000,39946
804,2021-10-19,7475,7525,7350,7500,134601200,1000889815000,43201
805,2021-10-18,7650,7675,7475,7525,116644300,879082747500,37041
806,2021-10-15,7800,7875,7450,7650,142378200,1082590760000,59714
807,2021-10-14,7600,7900,7600,7750,138811900,1080469627500,58444
808,2021-10-13,7400,8250,7400,7525,210893300,1602811070000,103101
809,2021-10-12,36275,36600,36225,36600,18213400,664434375000,13842
810,2021-10-11,36200,36450,36150,36275,9440200,342571392500,10202
811,2021-10-08,36000,36500,35875,36450,18928700,688541690000,15257
812,2021-10-07,35875,35875,35400,35800,21452700,766246252500,13336
813,2021-10-06,34900,35900,34850,35900,34862400,1240644140000,26024
814,2021-10-05,34550,34725,34300,34725,10997300,379909320000,10434
815,2021-10-04,33700,34800,33700,34800,14943800,512444270000,18086
816,2021-10-01,34500,34500,33550,33800,20790900,704962852500,17390
817,2021-09-30,33000,35000,32975,35000,31369600,1061841967500,18497
818,2021-09-29,32600,32900,32575,32900,14815800,486325907500,8452
819,2021-09-28,32700,32800,32500,32600,16037200,523207832500,10286
820,2021-09-27,32925,32975,32775,32900,11010500,362153202500,7124
821,2021-09-24,32500,32925,32500,32925,12107900,397560567500,7582
822,2021-09-23,32775,32950,32725,32900,12199700,400536787500,8077
823,2021-09-22,32500,32900,32500,32775,13744400,450549995000,8325
824,2021-09-21,32550,32675,32350,32450,11423100,370998120000,8245
825,2021-09-20,32850,32950,32550,32925,14631500,480357832500,9956
826,2021-09-17,32450,32675,32400,32600,23508000,766042350000,7563
827,2021-09-16,32900,32900,32400,32500,11734500,381535782500,7045
828,2021-09-15,32725,32750,32425,32475,8902800,289411932500,7683
829,2021-09-14,32950,32975,32475,32725,10398100,340529182500,9554
830,2021-09-13,32800,32800,32625,32775,5985800,195933567500,4814
831,2021-09-10,32475,32825,32475,32600,8296700,270739592500,6873
832,2021-09-09,32050,32850,32050,32850,22014800,716564295000,12729
833,2021-09-08,32750,32975,32100,32200,15577600,503383372500,11780
834,2021-09-07,32975,33025,32850,32850,10780400,355024612500,6944
835,2021-09-06,33000,33025,32750,32875,7356000,242074632500,6504
836,2021-09-03,32800,33000,32575,33000,7152900,234690455000,6194
837,2021-09-02,32625,32875,32275,32700,10651400,347543147500,8097
838,2021-09-01,32750,33000,32675,32825,13472500,442530370000,8136
839,2021-08-31,32600,32850,32575,32750,23074700,755598942500,9426
840,2021-08-30,32650,32900,32600,32825,14912900,489360032500,8561
841,2021-08-27,32450,32650,32450,32550,14314500,466101855000,7038
842,2021-08-26,32800,32900,32350,32800,14867400,484448052500,10929
843,2021-08-25,33000,33025,32925,33000,16150300,532826682500,8877
844,2021-08-24,32850,33000,32500,33000,11912300,390527665000,10964
845,2021-08-23,32575,32950,32575,32950,13650600,448508672500,6928
846,2021-08-20,33000,33000,32550,33000,24032700,790783847500,11399
847,2021-08-19,33000,33000,32650,33000,20185200,663686840000,14047
848,2021-08-18,32600,33800,32300,33000,37270900,1228789575000,27672
849,2021-08-16,32100,32100,31525,32100,13856400,442928625000,8837
850,2021-08-13,31750,32175,31625,32050,17385800,556177510000,12126
851,2021-08-12,30600,31600,30600,31500,23665100,743480425000,13459
852,2021-08-10,31250,31500,30575,31500,12089200,375133765000,11399
853,2021-08-09,30675,31000,30525,31000,10571700,324960150000,8049
854,2021-08-06,31800,31800,30675,30800,13457000,416615997500,12668
855,2021-08-05,30850,31550,30700,31500,18753600,585398362500,15536
856,2021-08-04,30725,30750,30300,30600,8222400,251394995000,8582
857,2021-08-03,30125,30900,29925,30725,22014300,671693987500,19329
858,2021-08-02,30300,30325,29525,29800,23996300,715154795000,23424
859,2021-07-30,30200,30500,29800,29850,21137000,634992947500,12391
860,2021-07-29,30275,30425,29900,30200,16921000,509974957500,9917
861,2021-07-28,30025,30050,29850,29900,14826600,443697352500,14845
862,2021-07-27,30025,30300,30000,30025,10621500,319259090000,9104
863,2021-07-26,30200,30300,30025,30025,9634300,289835562500,10056
864,2021-07-23,30900,30950,30125,30175,15987600,485182697500,14895
865,2021-07-22,30575,30775,30250,30775,12158400,371987375000,10114
866,2021-07-21,30250,30600,30050,30050,11001900,332542065000,9488
867,2021-07-19,30550,30550,30025,30025,9423800,283707685000,9350
868,2021-07-16,30850,30850,30275,30550,9599700,292817777500,8920
869,2021-07-15,30000,30575,29975,30575,9944800,302184122500,9422
870,2021-07-14,30100,30150,29900,29950,11864200,355622487500,13775
871,2021-07-13,30850,30875,30075,30225,13189300,400302605000,10646
872,2021-07-12,30350,30900,30100,30850,13196300,404442702500,15815
873,2021-07-09,30050,30100,29950,30100,8141500,244616822500,9513
874,2021-07-08,30000,30200,29900,30075,9459400,284481202500,10679
875,2021-07-07,30900,30900,30150,30325,7119000,215956097500,7347
876,2021-07-06,30550,30550,30275,30275,6855900,208343460000,6318
877,2021-07-05,30500,30650,30350,30550,7942100,242159375000,6308
878,2021-07-02,30350,30700,30200,30500,13478500,410872820000,8621
879,2021-07-01,30300,30375,30000,30125,11630600,351200420000,9774
880,2021-06-30,30000,30350,30000,30125,13159000,397274120000,10435
881,2021-06-29,30250,30450,30200,30225,10740800,325225022500,10009
882,2021-06-28,30500,30750,30275,30275,16884100,514169662500,19001
883,2021-06-25,31150,31300,30950,30950,13787900,428255512500,11675
884,2021-06-24,31550,31550,31000,31050,11202000,348667815000,16973
885,2021-06-23,31475,31700,31150,31150,10490200,328632085000,17274
886,2021-06-22,31250,31950,31200,31700,13164800,416417355000,9057
887,2021-06-21,31500,31500,31050,31250,12164700,380627877500,9099
888,2021-06-18,31500,31725,31400,31625,23608600,745940547500,12532
889,2021-06-17,31950,31950,31375,31650,13689700,433599335000,11389
890,2021-06-16,32100,32175,31800,31925,9796800,313020310000,10445
891,2021-06-15,32225,32350,32025,32350,17559800,565530955000,10264
892,2021-06-14,32600,32600,32000,32050,12295700,395506092500,10396
893,2021-06-11,32850,32900,32300,32350,14556100,472963255000,14612
894,2021-06-10,32775,33100,32450,33100,14652500,481826560000,11706
895,2021-06-09,31800,32675,31800,32650,15439600,501735692500,9381
896,2021-06-08,32875,32875,32150,32150,12869600,416735995000,8163
897,2021-06-07,32800,32850,32150,32650,12515200,407116007500,10022
898,2021-06-04,33100,33100,32500,32900,12421700,407200190000,12060
899,2021-06-03,32475,33000,32150,33000,26762100,873472172500,14488
900,2021-06-02,32500,32575,32100,32325,28346500,917581752500,17183
901,2021-05-31,31800,31950,31625,31875,20288400,646061072500,9494
902,2021-05-28,31650,31850,31650,31700,20421700,647714005000,8715
903,2021-05-27,32200,32400,31350,31350,107594300,3393180187500,19981
904,2021-05-25,31500,32200,31500,31775,17494000,556565512500,11215
905,2021-05-24,31775,31900,31450,31625,11842000,375837587500,9294
906,2021-05-22,31950,33000,31900,33000,369300,11925300000,51
907,2021-05-21,32250,32250,31300,31800,18524000,587252835000,15287
908,2021-05-20,31950,32175,31750,31900,12990000,415605042500,10298
909,2021-05-19,31900,32000,31675,31725,12982500,412718810000,9519
910,2021-05-18,32000,32275,31825,31950,14712600,470424327500,11913
911,2021-05-17,32500,32500,31875,32500,25811700,833610340000,21100
912,2021-05-11,32000,32400,31525,32400,14136000,450293557500,11963
913,2021-05-10,32000,32100,31975,32100,13636100,436712347500,7544
914,2021-05-07,32300,32300,31925,32000,9772800,313335515000,9412
915,2021-05-06,32000,32250,32000,32125,7623100,244562692500,5975
916,2021-05-05,32100,32150,32000,32125,10337000,331507725000,6504
917,2021-05-04,31750,32150,31700,32000,10024700,319648550000,8498
918,2021-05-03,32400,32400,31725,31950,8413100,268782685000,9480
919,2021-04-30,32250,32250,31900,32025,13165900,422154037500,8600
920,2021-04-29,32300,32300,31800,32050,11471000,367339872500,8782
921,2021-04-28,32000,32025,31575,31600,17532000,556340117500,11984
922,2021-04-27,31850,32175,31775,32025,26530000,850529580000,17676
923,2021-04-26,31975,32000,31400,31425,21748400,688311985000,14391
924,2021-04-23,31400,31975,31125,31950,21699700,686618455000,18967
925,2021-04-22,31000,31375,30900,31075,12751600,395819287500,12255
926,2021-04-21,31000,31125,30825,30825,13679400,423639482500,9684
927,2021-04-20,31000,31250,30925,31175,14544200,451723457500,10707
928,2021-04-19,31375,31400,31150,31350,9419000,294919325000,7809
929,2021-04-16,31850,31850,31075,31375,15858700,497646480000,12448
930,2021-04-15,31525,31550,30900,31400,20537300,641907540000,16542
931,2021-04-14,30525,31525,30300,31525,27103900,842800915000,21824
932,2021-04-13,30250,30300,29900,30000,23842300,715821185000,24907
933,2021-04-12,31475,31475,30300,30325,22082300,674875585000,24002
934,2021-04-09,31575,31600,30725,31000,23392200,726413747500,18906
935,2021-04-08,31000,31075,30625,30675,24739500,761066157500,21106
936,2021-04-07,30775,31375,30675,31250,21581600,666452485000,18441
937,2021-04-06,30675,30850,30400,30825,16043000,493935050000,14280
938,2021-04-05,31250,31450,30775,30775,14662300,454460472500,16658
939,2021-04-01,31075,31350,30775,31125,22457200,698836185000,21302
940,2021-03-31,31950,31975,30725,31075,44678100,1390601562500,37171
941,2021-03-30,31850,32275,31850,31975,16623100,531779290000,15663
942,2021-03-29,32050,32575,31800,31800,22674100,726771997500,22114
943,2021-03-26,31850,32225,31500,32075,26893500,860506547500,18813
944,2021-03-25,32000,32200,31650,31850,23820300,758615720000,24569
945,2021-03-24,32575,32750,32100,32200,30410000,982678535000,29139
946,2021-03-23,33600,33600,32775,32825,25552500,844329720000,29676
947,2021-03-22,33200,33400,33050,33100,13504700,447714830000,16210
948,2021-03-19,33850,33850,33125,33800,25170600,845103200000,15789
949,2021-03-18,33100,33600,33050,33525,14013500,466909345000,14736
950,2021-03-17,33250,33325,33025,33050,14294900,472918327500,15674
951,2021-03-16,33550,33550,33100,33125,14151100,469405972500,20759
952,2021-03-15,34075,34100,33325,33325,11483200,384973365000,15332
953,2021-03-12,34375,34400,33575,33825,14865600,503459300000,16338
954,2021-03-10,33600,33600,33100,33525,10060400,336650420000,12503
955,2021-03-09,33500,33575,33000,33025,27116400,899493865000,33797
956,2021-03-08,34750,34750,33600,33600,18176600,614656395000,24584
957,2021-03-05,33600,34625,33600,34000,22374300,766671142500,16843
958,2021-03-04,34525,35000,33600,33600,24160500,825648195000,19643
959,2021-03-03,35325,35425,35000,35000,16894000,595214107500,11425
960,2021-03-02,35600,35800,35000,35075,16289300,573939910000,15952
961,2021-03-01,34150,35225,34000,35225,41107800,1433046222500,29524
962,2021-02-26,33525,34050,33225,33550,34726300,1169470342500,17279
963,2021-02-25,33700,33850,33400,33525,15737600,528536370000,20839
964,2021-02-24,34125,34175,33625,33625,14373800,486252347500,17605
965,2021-02-23,34100,34225,33875,34125,11672000,397278747500,12109
966,2021-02-22,34500,34700,33950,33950,13782600,471158342500,15786
967,2021-02-19,33900,34250,33800,34125,14097500,479227617500,12254
968,2021-02-18,34250,34500,33675,33675,18240800,619686137500,18506
969,2021-02-17,34450,34800,34250,34500,13202300,455135490000,11532
970,2021-02-16,34400,34725,34150,34700,9444200,325755802500,8419
971,2021-02-15,34150,34450,33600,34000,16784400,573815120000,17934
972,2021-02-11,34925,34925,34200,34400,7385200,254682082500,9178
973,2021-02-10,35250,35250,34500,34600,8996900,311564217500,11909
974,2021-02-09,35000,35150,34775,34900,15114800,528615360000,11747
975,2021-02-08,35250,35275,34400,34600,9120800,317827635000,8989
976,2021-02-05,34350,34750,34275,34575,10320400,355919937500,8146
977,2021-02-04,34600,35000,34175,34275,16190100,557563600000,11687
978,2021-02-03,35000,35000,34125,34125,13458200,465903670000,9111
979,2021-02-02,34825,34900,34000,34000,17348200,599212690000,14810
980,2021-02-01,33800,34600,32975,34100,22625800,769348757500,20961
981,2021-01-29,34500,35000,33800,33800,26552500,906522065000,19447
982,2021-01-28,33950,34625,33950,34500,20925400,720278390000,14093
983,2021-01-27,34100,34650,33525,33950,19584000,668970462500,18739
984,2021-01-26,34775,35000,34100,34100,19731600,680646375000,25213
985,2021-01-25,36000,36000,35000,35175,15367300,542404927500,10545
986,2021-01-22,35375,35800,35375,35400,16165800,573435235000,8826
987,2021-01-21,36400,36500,35300,35375,13285600,472831935000,11207
988,2021-01-20,35825,36475,35350,35475,21443200,764274587500,13375
989,2021-01-19,35600,35600,35025,35475,14755400,522543310000,12797
990,2021-01-18,34775,35625,34225,35600,17268600,610310540000,16692
991,2021-01-15,35475,35500,34200,34775,17970700,626140905000,22464
992,2021-01-14,35250,35450,34975,35100,17863900,627559675000,19584
993,2021-01-13,36225,36375,35350,35600,15316300,546485222500,16636
994,2021-01-12,36725,36900,35800,35800,19047000,686686100000,19754
995,2021-01-11,35750,36800,35725,36725,33806900,1237824775000,20595
996,2021-01-08,35175,35400,34875,35250,15006700,528463447500,12562
997,2021-01-07,35000,35250,34550,34825,14272000,497544282500,10760
998,2021-01-06,35250,35375,34400,34725,17950700,626171017500,15424
999,2021-01-05,34300,35450,34250,35450,20966200,733641877500,21176
1000,2021-01-04,34000,34275,33600,34175,9587400,326697622500,10187
